Écologie;Politique;Covid;Laicité;Transport;Economie;International;Sport;Optimisme;Defaitisme;Pays
abeille;anarchistes;ADN;bible;4x4;balance;bolsonaro;alpinisme;actif;angoisse;Afghanistan
agroécologie;assemblée;anticorps;bouddhiste;accident;bilan;erdogan;athlétisme;agréable;anxiété;Afrique du Sud
agroforestrerie;Autain;antigénique;cardinal;aéroport;bourse;johnson;aviron;audace;austérité;Albanie
amazonienne;Borne;ARN;cathédrale;autoroute;budget;lula;baseball;bien;catastrophe;Algérie
anthropocène;Darmanin;asymptomatique;coran;avion;capital;Meloni;biathlon;bienveillance;colère;Allemagne
aquaculture;député;auto-test;croyance;bouchon;chômage;Merkel;danse;bon;crainte;Andorre
artificialisation;edouard;comorbidité;curé;chaussée;commerce;netanyahou;équitation;bonheur;découragement;Angola
banquise;Fillon;confinement;église;circulation;commerciale;Obama;foot;bonne;déçu;Anguilla
bassines;front;contact;islam;conduire;concurrence;Poutine;footing;chance;dégoût;Antigua-et-Barbuda
bio;Hidalgo;contagion;jéhova;covoiturage;csg;salvini;formule1;collaborer;dépression;Antilles
biocénose;hollande;coronavirus;laïque;douce;déficit;sunak;handball;confiance;déranger;Arabie
biodégradable;Jadot;couvre-feu;mahomet;limitation;économie;Trump;javelot;confiant;désolation;Argentine
biodiversité;larcher;covid;mosquée;permis;fiscaux;xi;judo;confortable;difficile;Arménie
biomasse;Lassale;déconfinement;musulman;port;impôts;Zelensky;karaté;courage;difficulté;Aruba
biotope;LePen;dépistage;pape;rocade;inflation;;mma;créatif;dommage;Australie
carbone;lfi;épidémie;prêtre;route;investir;;natation;curieux;échec;Autriche
centrales;Macron;fièvre;prière;scooter;marché;;patin;curiosité;échouer;Azerbaïdjan
charbon;Mélenchon;hydroxychloroquine;ramadam;SUV;paradis;;pétanque;enthousiaste;faiblesse;Bahamas
circulaire;ministre;incubation;religieux;train;prix;;ping-pong;exceptionnel;haine;Bahreïn
climatique;nupes;infection;religion;trotinette;revenu;;plongée;force;impossible;Bangladesh
climatosceptique;PC;intensifs;temple;vélo;salaire;;rugby;gai;inactif;Barbade
co2;Pécresse;intubation;vatican;verte;taxes;;saut;heureux;incapable;Belgique
compostable;Pen;isolement;;vitesse;valeur;;ski;incroyable;incompétence;Belize
conversion;Poutou;malade;;voie;;;squash;innovant;inquiétude;Bénin
covoiturage;président;maladie;;voirie;;;tennis;meilleur;malaise;Bermudes
déchet;PS;masque;;voiture;;;vélo;novateur;malheureusement;Bhoutan
déchet;reconquête;messager;;;;;voile;opportunité;manque;Biélorussie
développement;républicains;moderna;;;;;volley;ouvert;mauvaise;Birmanie
dumont;Rousseau;mortalité;;;;;;passionné;mauvaise;Bolivie
durable;Roussel;négatif;;;;;;positif;méfiance;Bosnie-Herzégovine
ecocitoyen;valls;pandémie;;;;;;possible;mensonge;Botswana
écoconception;verts;pénurie;;;;;;résilience;menteur;Brésil
ecologie;Zemmour;pfizer;;;;;;serein;mentir;Brunei
écologique;;positif;;;;;;sourire;mou;Bulgarie
economie;;positivité;;;;;;surpris;naufrage;Burkina
ecosystème;;quarantaine;;;;;;tranquille;noire;Burundi
effet;;raoult;;;;;;volonté;nostalgie;Cambodge
émissions;;réanimation;;;;;;;panne;Cameroun
empreinte;;reconfiner;;;;;;;pauvreté;Canada
energie;;sanitaire;;;;;;;perdre;Cap-vert
environnement;;sérologique;;;;;;;perte;Centrafricaine
éoliennes;;seuil;;;;;;;pessimisme;Chili
érosion;;symptômes;;;;;;;peu;Chine
faune;;test;;;;;;;peur;Chypre
flore;;transmission;;;;;;;pire;Colombie
fossiles;;vaccin;;;;;;;problème;Comores
gaz;;vaccination;;;;;;;rage;Congo
gaz;;vague;;;;;;;risque;Corée
glaciers;;virale;;;;;;;stressant;Corée
mer;;;;;;;;;tristesse;Costa Rica
méthane;;;;;;;;;vengeance;Côte d'Ivoire
néonicotinoide;;;;;;;;;violence;Croatie
nitrates;;;;;;;;;;Cuba
océans;;;;;;;;;;Danemark
palme;;;;;;;;;;Djibouti
payeur;;;;;;;;;;Dominicaine
pergélisol;;;;;;;;;;Dominique
pétrole;;;;;;;;;;Égypte
photovoltaïque;;;;;;;;;;Émirats
phréatiques;;;;;;;;;;Équateur
plastiques;;;;;;;;;;Érythrée
polluant;;;;;;;;;;Espagne
pollueur;;;;;;;;;;Estonie
pollution;;;;;;;;;;États-Unis
protéger;;;;;;;;;;Éthiopie
réchauffement;;;;;;;;;;Fidji
recyclage;;;;;;;;;;Finlande
renouvelable;;;;;;;;;;France
ressources;;;;;;;;;;Gabon
serre;;;;;;;;;;Gambie
sobriété;;;;;;;;;;Géorgie
soja;;;;;;;;;;Ghana
solaire;;;;;;;;;;Gibraltar
surexploitation;;;;;;;;;;Grèce
surexploitation;;;;;;;;;;Grenade
terre;;;;;;;;;;Groenland
;;;;;;;;;;Guadeloupe
;;;;;;;;;;Guam
;;;;;;;;;;Guatemala
;;;;;;;;;;Guinée
;;;;;;;;;;Guyana
;;;;;;;;;;Guyane
;;;;;;;;;;Haïti
;;;;;;;;;;Honduras
;;;;;;;;;;Hong-Kong
;;;;;;;;;;Hongrie
;;;;;;;;;;Inde
;;;;;;;;;;Indonésie
;;;;;;;;;;Iran
;;;;;;;;;;Iraq
;;;;;;;;;;Irlande
;;;;;;;;;;Islande
;;;;;;;;;;Israël
;;;;;;;;;;Italie
;;;;;;;;;;Jamaïque
;;;;;;;;;;Japon
;;;;;;;;;;Jordanie
;;;;;;;;;;Kazakhstan
;;;;;;;;;;Kenya
;;;;;;;;;;Kirghizistan
;;;;;;;;;;Kiribati
;;;;;;;;;;Koweït
;;;;;;;;;;Laos
;;;;;;;;;;Le Vatican
;;;;;;;;;;Lesotho
;;;;;;;;;;Lettonie
;;;;;;;;;;Liban
;;;;;;;;;;Libéria
;;;;;;;;;;Libye
;;;;;;;;;;Liechtenstein
;;;;;;;;;;Lituanie
;;;;;;;;;;Luxembourg
;;;;;;;;;;Macao
;;;;;;;;;;Macédoine
;;;;;;;;;;Madagascar
;;;;;;;;;;Malaisie
;;;;;;;;;;Malawi
;;;;;;;;;;Maldives
;;;;;;;;;;Mali
;;;;;;;;;;Malte
;;;;;;;;;;Maroc
;;;;;;;;;;Martinique
;;;;;;;;;;Maurice
;;;;;;;;;;Mauritanie
;;;;;;;;;;Mayotte
;;;;;;;;;;Mexique
;;;;;;;;;;Moldavie
;;;;;;;;;;Monaco
;;;;;;;;;;Mongolie
;;;;;;;;;;Monténégro
;;;;;;;;;;Montserrat
;;;;;;;;;;Mozambique
;;;;;;;;;;Namibie
;;;;;;;;;;Nauru
;;;;;;;;;;Népal
;;;;;;;;;;Nicaragua
;;;;;;;;;;Niger
;;;;;;;;;;Nigéria
;;;;;;;;;;Niué
;;;;;;;;;;Norvège
;;;;;;;;;;Nouvelle-Calédonie
;;;;;;;;;;Nouvelle-Zélande
;;;;;;;;;;Oman
;;;;;;;;;;Ouganda
;;;;;;;;;;Ouzbékistan
;;;;;;;;;;Pakistan
;;;;;;;;;;Palaos
;;;;;;;;;;Panama
;;;;;;;;;;Papouasie-Nouvelle-Guinée
;;;;;;;;;;Paraguay
;;;;;;;;;;Pays-Bas
;;;;;;;;;;Pérou
;;;;;;;;;;Philippines
;;;;;;;;;;Pologne
;;;;;;;;;;Polynésie Française
;;;;;;;;;;Porto Rico
;;;;;;;;;;Portugal
;;;;;;;;;;Qatar
;;;;;;;;;;Réunion
;;;;;;;;;;Roumanie
;;;;;;;;;;Royaume-Uni
;;;;;;;;;;Russie
;;;;;;;;;;Rwanda
;;;;;;;;;;Salvador
;;;;;;;;;;Samoa
;;;;;;;;;;Sénégal
;;;;;;;;;;Serbie
;;;;;;;;;;Seychelles
;;;;;;;;;;Sierra Leone
;;;;;;;;;;Singapour
;;;;;;;;;;Slovaquie
;;;;;;;;;;Slovénie
;;;;;;;;;;Somalie
;;;;;;;;;;Soudan
;;;;;;;;;;Sri Lanka
;;;;;;;;;;Suède
;;;;;;;;;;Suisse
;;;;;;;;;;Suriname
;;;;;;;;;;Swaziland
;;;;;;;;;;Syrie
;;;;;;;;;;Tadjikistan
;;;;;;;;;;Taïwan
;;;;;;;;;;Tanzanie
;;;;;;;;;;Tchad
;;;;;;;;;;Tchèque
;;;;;;;;;;Thaïlande
;;;;;;;;;;Timor Oriental
;;;;;;;;;;Togo
;;;;;;;;;;Tonga
;;;;;;;;;;Trinité-et-Tobago
;;;;;;;;;;Tunisie
;;;;;;;;;;Turkménistan
;;;;;;;;;;Turquie
;;;;;;;;;;Tuvalu
;;;;;;;;;;Ukraine
;;;;;;;;;;Uruguay
;;;;;;;;;;Vanuatu
;;;;;;;;;;Venezuela
;;;;;;;;;;Viet Nam
;;;;;;;;;;Wallis
;;;;;;;;;;Yémen
;;;;;;;;;;Zambie
;;;;;;;;;;Zimbabwe
